{
    "global_accuracy": 82.71800737164203,
    "mean_class_accuracy": 52.64794509904124,
    "mean_iou": 43.37619988293344,
    "class_accuracies": [
        94.68610873860518,
        84.1812630697101,
        10.187720107991224,
        96.6914970451221,
        78.9507442703845,
        71.92611544368123,
        23.92241166539969,
        24.46900964368332,
        75.14760433539305,
        28.271619450648483,
        0.0,
        43.34124741787598
    ],
    "ious": [
        90.06637662491292,
        69.54498963856788,
        8.882955361950248,
        88.93896910574287,
        66.45333174505303,
        60.46628867199778,
        14.87070122816573,
        16.446350138905938,
        62.756433874373364,
        15.624316522771025,
        0.0,
        26.463685682760456
    ]
}